{
    "D": 1.007194276008304,
    "I_inf": 1.0,
    "K_I": 0.26539823,
    "K_S": 0.468416,
    "V_l": 1.0,
    "V_m": 1.0,
    "Y_I": 1.0,
    "Y_S": 0.34242,
    "alpha": 0.1,
    "gam_a_X": 0.1,
    "gam_d": 3.9,
    "gam_s_I": 0.1,
    "gam_s_X": 0.4,
    "lam_max": 500.0,
    "lam_prod": 50,
    "mu_I": 10.619469027,
    "mu_S": 12.627143363
}